日月同辉,127
蒸汽朋克炫光,123
兔年新春服(男),120
新年兔子炫光,120
月灵之翼,118
绮梦朱丽叶服饰,118
银辉之梦服饰,118
流金之沙炫光,115
油灯背饰,114
海之守护背饰,114
瀚海霓裳服饰(女),114
金兔限定套装(女),112
金冠炫光,112
仲夏星芒炫光,110
青金八翼,110
兔年新春服(女),109
新年大翅膀背饰,109
晶心罗兰翼,109
木乃伊男装,109
金萝卜头饰,109
DJ舞台炫光,107
DJ音响,107
海之灵服饰(女),106
什锦蛋糕炫光,104
弹幕达人背饰,104
彩虹慕斯T恤,104
机械之灵帽,104
机械面具,104
派对之王羽翼,104
瀚海霓裳发型(男),104
瀚海霓裳服饰(男),104
火线尖兵炫光,104
狂热节拍炫光,104
蒸汽动力背饰,104
乖乖兔服饰(男),102
晓色圣翼,102
银辉之翼,102
一步生花炫光,101
冬日圣诞炫光,101
动感喵喵包,101
悲鸣结晶炫光,101
晶心云水翼,101
绀青蝶翼,101
舞蹈天王服饰,101
舞蹈氛围炫光,101
超能少年服饰(女),101
金兔兔手杖,101
金兔限定套装(男),101
龙之翼,101
月灵之光服饰,99
盛装罗密欧服饰,99
南瓜灯背包,97
悟空的锦袍,97
机械之灵装,96
海之守护头饰,96
电玩女神服装,96
蒸汽手持,96
海之守护炫光,95
海之灵服饰(男),95
兔年新春发型(男),93
刀螂战服(男),93
心月狐锦袍,93
比翼双飞背饰,93
狂欢派对礼服,93
金兔兔面饰,93
高山滑雪板,93
沙漠盾牌背饰,92
花月锦年礼服(女),92
刀螂战盔(女),91
十字芒星面饰,91
心月狐钿花,91
怦然心动头饰,91
瀚海霓裳发型(女),91
狂欢派对之花,91
银辉之梦发型,91
兔兔糖葫芦,90
六尾背饰,90
古龙铠甲(男),90
幽灵南瓜炫光,90
瀚海霓裳面饰,90
舞蹈天后服饰,90
魔渊炫光,90
黄金蛇炫光,90
一箭心动背饰,89
月下猩红衣,89
机械手持,88
海之守护气球,88
琪花玉树炫光,88
瑶草琪花背饰,88
迷幻天后服装,88
乖乖兔服饰(女),86
果冻覆盆子气球,86
深渊海底炫光,86
电玩小子发型,86
电音王子发型,86
羽叶华冠,86
机械之心帽,85
油灯头饰,85
甜梦回响装,85
动感喵喵话筒,84
南瓜派对帽(男),84
宝石誓约礼裙,84
沙漠刺客匕首,84
清新赛道气球,84
滑雪手杖,84
红锦鲤头饰,84
罗刹女战衣,84
龙行面饰,84
冷月碧华眼镜,83
刀螂气球,83
古龙头盔(女),83
派对之夜气球,83
超能气球,83
龙之怒气球,83
兔年新春发型(女),82
埃及神秘翅膀,82
心月狐锦裙,82
狂欢派对礼裙,82
舞后背饰,82
超能背饰,82
乖乖兔发型(男),81
典礼之星手杖,80
月光石手杖,80
海之灵发型(女),80
一见倾心发型(女),79
爱意钻冕,79
冰淇淋圣代头饰,78
动感喵喵炫光,78
小姜丝炫光,78
月下蔷薇裙,78
柴犬套装,78
沙漠刺客面饰,78
百果蓝丝绒男发,78
稚气浣熊帽,78
羽叶金冠,78
鬼影重重炫光,78
DJ麦克风,77
伪装者战服,77
电玩小子服装,77
繁花咏叹,77
三原色气球,76
命运蔷薇杖,76
悟空的翅帽,76
粉红浪漫服饰(男),76
花月锦年礼服(男),76
玉狐假面,75
绿岩炫光,75
舞蹈天王发型,75
赤狐气球,75
超能奖杯,75
追猎者头饰,75
牛魔王战衣,73
虎仔背包,73
DJ少女气球,72
古埃及王后冠,72
宇宙球灯头饰,72
心月狐垂髫,72
月灵之光发型,72
狂欢派对之冠,72
舞王气球,72
月夕花晨发型(女),71
CP联赛喜庆金炫光,70
CP联赛海蓝金炫光,70
乖乖兔发型(女),70
南瓜派对衣(男),70
如梦泡影面饰,70
战地补给气球,70
极地湖心炫光,70
海神王权杖,70
清洁炫光,70
炽蔷薇炫光,70
玩偶手杖,70
电玩女神发型,70
纯白玫瑰炫光,70
绯红之翼,70
行星轮组炫光,70
雪山炫光,70
S23车神炫光,69
海之灵发型(男),69
兔兔耳朵头饰,68
月下华冠发型,68
绿洲炫光,68
蔷薇诱惑面饰,68
金色玫瑰手持,68
阿特机械臂背装,68
S23车王炫光,67
宇宙能源炫光,67
托盘背饰,67
电音流光气球,67
西瓜棒冰头饰,67
S24车王炫光,66
CP联赛碧玉金炫光,65
CP联赛绯红金炫光,65
CP联赛薄荷金炫光,65
S14车神炫光,65
S16车神炫光,65
S17车神炫光,65
S18车王炫光,65
S20车神炫光,65
S21车神炫光,65
一见倾心服饰(女),65
倾心鹿冠背饰,65
利爪炫光,65
力之束缚炫光,65
力场反射炫光,65
宝宝蝙蝠装,65
宝石誓约礼服,65
机械三角龙背饰,65
索尼克闪电炫光,65
紫霞的凤冠,65
胡萝卜手杖,65
邪龙翅膀,65
音乐天王装,65
黑晶伞,65
Jackpot炫光,64
S13车神炫光,64
S15车王炫光,64
S19车神炫光,64
S22车王炫光,64
古龙头盔(男),64
古龙头饰,64
嘟嘟背饰,64
埃及神秘气球,64
天之蕉子炫光,64
奇幻之森臻品炫光,64
慵懒狗狗睡衣,64
暗夜玫瑰炫光,64
极致棉花糖气球,64
欢乐氛围炫光,64
浪漫氛围炫光,64
清凉炫光,64
狱火炫光,64
祥龙翱翔背饰,64
稍等片刻炫光,64
舞蹈天后发型,64
骑士护卫背饰,64
S14车王炫光,63
S16车王炫光,63
S17车王炫光,63
S20车王炫光,63
S21车王炫光,63
S22车神炫光,63
储能背饰,63
助推背饰,63
宝宝啦啦队装,63
彩虹云桥,63
恋心钻冕,63
智能投影炫光,63
机械三角龙炫光,63
火阵炫光,63
罗刹女发型,63
葫芦头饰,63
辉煌装饰炫光,63
S13车王炫光,62
S18车神炫光,62
S19车王炫光,62
剪纸兔头饰,62
动心鹿影炫光,62
向阳花炫光,62
好运女神背饰,62
宝宝小天使装,62
彩虹湖泊炫光,62
智能系统炫光,62
机械臂背饰,62
热烈红宝石之翼,62
热血雄心战服,62
荣耀金环,62
蛙蛙荷塘炫光,62
钢甲炮弹炫光,62
魅力四射炫光,62
龙力封印炫光,62
CP联赛冰金炫光,61
CP联赛墨紫金炫光,61
CP联赛耀辉金炫光,61
S15车神炫光,61
冰封雪飘炫光,61
宝宝乐园装,61
宝宝冰晶装,61
宝宝雨衣装,61
机械炫光,61
橙色闪光炫光,61
猩红魅影炫光,61
祥龙在天炫光,61
缤纷花篮背饰,61
超凡动力背饰,61
金闪闪炫光,61
霜天红叶臻品炫光,61
麦克风炫光,61
CP联赛棕金炫光,60
CP联赛紫金炫光,60
CP联赛黑金炫光,60
N能量背饰,60
S12车王炫光,60
S7车神炫光,60
S8车神炫光,60
六出冰花背饰,60
冰轮蓝锦袍,60
冰魂玉骨翼,60
喜气连连服饰,60
天蝎座炫光,60
好战之蝎铠甲,60
如意结背饰,60
宝宝甜点装,60
宝宝贺新年装,60
心动背饰,60
心动萌兔套装-女服装,60
星光夜曲之翼,60
暖色向日葵炫光,60
月夕花晨发型(男),60
梦幻星球炫光,60
沙漠旅者服饰(男),60
活力沙滩服饰(女),60
活力沙滩服饰(男),60
炽天使之翼,60
粉红浪漫帽(男),60
繁花之羽,60
诗卷背饰,60
贝斯特炫光,60
迪拜王族炫光,60
金龙炫光,60
飞天套装服(女),60
飞龙刀阵炫光,60
黄金天马羽翼,60
龙骨流金翼,60
CP联赛翠金炫光,59
S11车王炫光,59
S6车神炫光,59
仙女雯雯黄喷漆,59
像素高玩眼镜,59
咒言书背饰,59
天魔金轮背饰,59
夹竹桃气球,59
宝宝法老装,59
宝宝贵族西装,59
宝宝驯鹿装,59
小羊驼炫光,59
幻想魔法礼裙,59
心动萌兔套装-男服装,59
恶魔之翼,59
新之助绵羊装,59
暴风雪炫光,59
曲调飞扬面饰,59
未来蓝电套装,59
比心炫光,59
海月服(女),59
火凤气球,59
烈焰铠甲之翼,59
熊宝气球,59
电玩手柄气球,59
电磁弹射炫光,59
白槿初绽头饰,59
百果蓝丝绒女发,59
石油大亨炫光,59
神选之民短袍,59
粉红水晶之翼,59
美人鱼女船长雪喷漆,59
胸有成竹炫光,59
航海士炫光,59
艾莉雅雪色喷漆,59
转速仪炫光,59
速氧瓶,59
酋长面饰,59
阿特拉斯银色喷漆,59
飞天套装服(男),59
飞天彩带背饰,59
2023背饰,58
CP联赛绿金炫光,58
S10车神炫光,58
S7车王炫光,58
S8车王炫光,58
乐园霓虹炫光,58
仙女雯雯雪喷漆,58
凤凰于飞炫光,58
圣诞巡礼炫光,58
夜色迷离炫光,58
宫廷贵族炫光,58
尖刺眼镜,58
希望之星面饰,58
恐龙图案气球,58
时之领域炫光,58
映月流光翼,58
暗香疏影炫光,58
未来机甲之翼,58
机械行者背囊,58
极度深海炫光,58
猛虎出山装,58
电子游侠炫光,58
破晓之翼炫光,58
神秘文明炫光,58
福禄寿背饰,58
素月裙,58
花开葫贵炫光,58
誓约同心服饰,58
踏春炫光,58
迷璘夜翼,58
金龙腾空服饰,58
阿特拉斯橙色喷漆,58
青丝流云袍,58
魔法阵炫光,58
黑帮教父炫光,58
龙姿凤仪背饰,58
S6车王炫光,57
S9车王炫光,57
不倒翁宝宝头饰,57
企鹅胖墩墨色喷漆,57
克洛诺斯头饰,57
冰蓝吐息炫光,57
动力拳套背饰,57
南天竹手持,57
圣雪臻品炫光,57
宝宝未来战士装,57
循环头饰,57
时空领域玫瑰,57
春日休闲服(女),57
春风化雨炫光,57
月下蔷薇发型,57
树人麻吉墨色喷漆,57
比翼双飞炫光,57
沙漠旅者服饰(女),57
海月水母背包,57
滑雪眼镜,57
烈焰燎原炫光,57
焰翎背饰,57
玉兔呈祥炫光,57
碧烟襦裙,57
福兔贺岁服(女),57
纸牌卫士服饰(男),57
缘定三生服饰,57
美人鱼女船长墨喷漆,57
艾莉雅黑色喷漆,57
蝴蝶穿花背饰,57
迷乱空间炫光,57
阿斯加德炫光,57
阿特拉斯墨色喷漆,57
霓锋暗影炫光,57
高歌任侠背饰,57
黄沙炫光,57
DJ眼镜,56
S10车王炫光,56
S11车神炫光,56
V8财气炫光,56
不倒翁宝宝气球,56
两朵玫瑰背饰,56
兔兔元宵背饰,56
凤舞九天短裙,56
动感超人套装,56
多维鞘翅背饰,56
天使之翼,56
天水碧纱裙,56
太空漫步服饰,56
奇异章鱼套装(男),56
守望者之翼,56
时空壁障炫光,56
春日休闲服(男),56
比翼鸟炫光,56
比翼鸟背饰,56
派对之王炫光,56
海月服(男),56
海王之翼背饰,56
海王炫光,56
溜翻天炫光,56
热核引擎炫光,56
熔岩领主炫光,56
玫瑰花蕊之翼,56
盖世英雄的长衫,56
神秘地带炫光,56
福兔贺岁服(男),56
粒子聚能炫光,56
精灵炫光,56
红色警告炫光,56
艾莉雅浅蓝喷漆,56
蜜蜂小姐服饰,56
踏春行炫光,56
阿特储能面饰,56
阿特拉斯浅蓝喷漆,56
鸿运当头服饰,56
黑色力量炫光,56
企鹅胖墩粉色喷漆,55
克洛诺斯气球,55
机械熊猫眼镜,55
树人麻吉黄色喷漆,55
艾莉雅粉色喷漆,55
酋长气球,55
阿特拉斯粉色喷漆,55
阿特拉斯黄色喷漆,55
佐维奇粉色喷漆,54
佐维奇黄色喷漆,54
兔妮妮头饰,54
击剑员麻吉粉喷漆,54
击剑员麻吉黄喷漆,54
孩子王头饰,54
尼欧雪色喷漆,54
恐龙海盗船长粉红喷漆,54
恶魔浮动面饰,54
战争女神粉色喷漆,54
暗夜玫瑰粉色喷漆,54
暴龙头饰,54
机器人炸弹,54
机械小强黄色喷漆,54
机械眼镜,54
机械神秘工头黄喷漆,54
渔夫皮蛋黄色喷漆,54
热血雄心发型,54
皇家假面,54
粒子炮头饰,54
蜜蜂先生帽子,54
赏金猎人气球,54
酸甜甜雯雯粉喷漆,54
露西粉色喷漆,54
颜团子雪色喷漆,54
麦迪娅黑色喷漆,54
龙纹面饰,54
龙角气球,54
N2O头饰,53
像素小乖雪色喷漆,53
兔妮妮气球,53
全能分析面具,53
头彩面饰,53
小白虎气球,53
希莉娅雪色喷漆,53
幸运星气球,53
恶魔气球,53
战争女神雪色喷漆,53
战神王冠,53
智能分析眼镜,53
暗夜玫瑰雪色喷漆,53
机体防护面具,53
机械神秘工头雪喷漆,53
猩红巫女雪色喷漆,53
礼花头饰,53
祥瑞舞狮气球,53
祥瑞龙车面饰,53
立体显影头饰,53
管家皮蛋白色喷漆,53
虎爪头饰,53
蛋头博士面具,53
解说员葱头雪色喷漆,53
赏金猎人雪色喷漆,53
赛车女郎眼镜,53
速度之猩气球,53
重装凯能雪色喷漆,53
露西雪色喷漆,53
骑士气球,53
黛丝雪色喷漆,53
龙妹雪色喷漆,53
Pro气球,52
光之翼面饰,52
卡通权杖,52
启迪头饰,52
启迪气球,52
多功能头饰,52
小电视头盔,52
巨熊假面,52
机器人Z气球,52
洞察眼镜,52
烈焰龙骑黄色喷漆,52
牛魔王发型,52
狱火眼镜,52
猩红巫女紫色喷漆,52
王者之冠,52
碎琼面饰,52
礼花气球[2],52
蓝晶气球,52
赏金猎人黄色喷漆,52
转运头饰,52
辛西娅墨色喷漆,52
辛西娅绿色喷漆,52
金色舞狮头饰,52
阿特头饰,52
颜团子粉色喷漆,52
鸡哥气球,52
麦迪娅粉色喷漆,52
龙神气球,52
七娃紫色喷漆,51
二娃橙色喷漆,51
击剑员麻吉墨喷漆,51
司南头饰,51
如意手持,51
希莉娅墨色喷漆,51
幻彩帽(女),51
慵懒狗狗睡帽,51
机器人面具,51
机械三角龙手持,51
机械小强墨色喷漆,51
机械爪手持,51
森林公主灰白色喷漆,51
沙丘气球,51
烈焰龙骑白色喷漆,51
猩猩队长护目镜,51
猩红巫女黑色喷漆,51
白虎面具,51
真视之眼,51
破碎时空面饰,51
祥龙吐珠气球,51
福禄新春发型(女),51
章鱼小丸子手持,51
红龙气球,51
维克兔莉气球,51
胖鹅眼镜,51
葫芦娃面罩,51
蓝晶蝶面饰,51
蛇精气球,51
解说员葱头墨色喷漆,51
赏金猎人黑色喷漆,51
遮阳帽(女),51
酸甜甜雯雯墨喷漆,51
金色舞狮面饰,51
鸡哥面饰,51
麻吉黄色喷漆,51
麻吉黑色喷漆,51
龙之晶冠,51
2022KLC炫光,50
2023炫光,50
七星瓢虫背饰,50
兔妮妮面饰,50
四娃绿色喷漆,50
夏日花花裙,50
奇异章鱼头套(男),50
奇趣麋鹿裙(女),50
宫廷气球,50
小锣鼓头饰,50
彩虹糖衬裙,50
恶魔印记头饰,50
惺忪猫猫睡帽,50
才不是咸鱼,50
捣蛋魔女服装,50
方块战士盔甲,50
暗夜玫瑰浅蓝喷漆,50
木乃伊小强紫喷漆,50
机甲气球,50
林中冒险装(女),50
桃子背包,50
沙漠旅者发型(男),50
流氓兔气球,50
海上水手装(男),50
渔夫皮蛋浅蓝喷漆,50
火鸡背包,50
灯光秀炫光,50
灯笼鱼气球,50
燃擎之源背饰,50
燃擎源力战服(女),50
狂野鲨气球,50
真理之花面饰,50
福禄新春发型(男),50
福结气球,50
章鱼气球[2D],50
糖糖浅蓝色喷漆,50
红色连衣裙,50
美人鱼女船长紫喷漆,50
考古铲手持,50
荧光团子炫光,50
葫芦鼎气球,50
蓝晶核心,50
藤萝背饰,50
虎宝气球,50
蝶恋花发髻,50
触手灯头饰,50
赛事摄影服饰,50
足球炫光,50
迷醉人生炫光,50
遮阳帽(男),50
重装凯能浅蓝喷漆,50
金色舞狮气球,50
钢甲作战服,50
钢铁三角龙面饰,50
长情与共炫光,50
阿特密斯气球,50
阿特拉斯紫色喷漆,50
音浪炫光,50
魔斯拉翅膀,50
鸡哥头饰,50
黑妞背带装,50
龙妹红色喷漆,50
龙晶石头饰,50
龙晶面饰,50
龙角头饰,50
24K潜水镜,49
CP联赛黄金气球,49
WS-2-探测镜,49
仙女雯雯橙喷漆,49
六娃蓝色喷漆,49
制冷少女炫光,49
南瓜团子背包,49
危险印记炫光,49
古怪男服装,49
吉米粉紫色喷漆,49
哥特布偶熊,49
团扇,49
圣夜之架背饰,49
地下角斗士装,49
坏杰克背包,49
奇趣麋鹿袄(男),49
小乖白羊喷漆,49
心动萌兔套装-女发型,49
心动萌兔气球,49
新春音符炫光,49
月熙天蝎喷漆,49
机械之心炫光,49
棉花糖套裙,49
棱光雷达头饰,49
水壶气球,49
活力沙滩发型(女),49
活力沙滩发型(男),49
海星头饰,49
海月水母面纱,49
深海之子风衣,49
源力机甲背饰,49
溜溜头饰,49
滑雪板背饰,49
烈焰铠甲气球,49
熊熊服饰,49
燃擎乐园炫光,49
狂野猎手装,49
狼外婆的衫裙,49
玉女的垂仙髻,49
王者基多拉炫光,49
玩具企鹅服(男),49
珊瑚气球,49
生命之花手持,49
登高饮酒背饰,49
皇家海军帽(男),49
纸牌卫士发型(男),49
缘定三生发型,49
美人鱼女船长绿喷漆,49
翡翠钿花头饰,49
自带WIFI的杆,49
苏尔特尔之冠,49
蓝电齿轮面饰,49
虎年炫光,49
虎虎生威炫光,49
虹光战术目镜,49
螺丝钉背饰,49
记忆中的竹蜻蜓,49
赛道救援服饰(男),49
野性动力炫光,49
阿狸机车服,49
飞天套装帽(女),49
魔法探测镜,49
鲨鱼气球,49
黑龙宝宝气球,49
N能源气球,48
P1联赛先锋服(女),48
三娃黄色喷漆,48
企鹅胖墩浅蓝喷漆,48
全息扫描雷达,48
凤舞九天发髻,48
卡帕雪色喷漆,48
合金兔耳头饰,48
呱呱睡衣,48
哥斯拉棒球服,48
团子游星空炫光,48
夏日花花装,48
天真烂漫之花,48
太空漫步头盔,48
宝宝墨色喷漆,48
小脑虎战服,48
少女猫装,48
幻彩帽(男),48
异瞳墨色喷漆,48
彩星星气球,48
心动信号目镜,48
心动萌兔套装-男发型,48
心动萌兔花束,48
心动萌兔面饰,48
心想事成发型,48
恐龙探索者衣,48
悟空墨色喷漆,48
我的伙伴炫光,48
招财进宝装,48
无尽星空炫光,48
星星宝贝短裙,48
星梦情缘服饰(男),48
月桂炫光,48
木乃伊小强浅蓝漆,48
未来机甲气球,48
树人麻吉浅蓝喷漆,48
桃子俏皮服饰,48
水母气球,48
沙漠金字塔气球,48
燃擎之源炫光,48
白色西服,48
皮蛋背带装,48
盖世英雄的幞头,48
相控雷达头饰,48
福禄寿头饰,48
秋菊炫光,48
竹蜻蜓头饰,48
索尼克滑板,48
红伞伞炫光,48
绿茵宝贝服装,48
美人鱼女船长浅蓝漆,48
羽扇手持,48
茜茜墨色喷漆,48
蓝蓝墨色喷漆,48
蝎子精气球,48
血月舞姬礼服,48
赛事主播服饰,48
赤金疾影软帽,48
野性丛林装,48
金色流年护目镜,48
雷神之锤(手持),48
风暴战斧,48
飞天套装帽(男),48
飞天面纱,48
魔法精灵气球,48
鱼钩护目镜,48
鸭鸭服饰,48
鸿运当头发型,48
龙橙战意服饰(男),48
1000天炫光,47
2022KLC助威战服(男),47
P1联赛先锋服(男),47
五娃青色喷漆,47
仙女雯雯浅蓝漆,47
仲夏之星羽翼,47
勾月发,47
危险侍女服装,47
叆叇面饰,47
叮叮当炫光,47
咩咩咩头饰,47
哥斯拉炫光,47
哥斯拉背包,47
喜气连连发型,47
团子背带裤(女),47
圣诞老人墨色喷漆,47
多彩气球炫光[2],47
奥迪双钻套装,47
好战之蝎头盔,47
小丑鱼气球,47
小强冠军喷漆,47
幸福雪人气球,47
异空雷达头饰,47
弦月气球,47
影卫墨绿色喷漆,47
恐龙爱好者衣,47
惊喜圣诞手杖,47
探照灯气球,47
救援炫光,47
救援背包,47
星梦情缘服饰(女),47
星级厨师服,47
月亮宝贝短衫,47
月熙冠军喷漆,47
机甲护目镜,47
比翼鸟面饰,47
水母的指挥棒,47
沙滩连衣裙,47
沙漠旅者发型(女),47
洞察者眼镜,47
流氓兔防护头盔,47
海草气球,47
源力机甲炫光,47
爱狸炫光,47
牵牛花开炫光,47
特邀歌手服装,47
球场雄鹰服装,47
福虎迎春服(男),47
科技游侠气球,47
章鱼触手,47
红灯笼气球,47
网络侠影头饰,47
跨界车王,47
防火牌背饰,47
雪糕帽,47
雯雯冠军喷漆,47
魔斯拉棒球服,47
龙橙战意服饰(女),47
CP联赛白银气球,46
L1气球,46
N力量面饰,46
R军团战服,46
先锋之刃,46
克莉丝天蝎喷漆,46
合金智械气球,46
吉米黄色喷漆,46
哈士奇服饰,46
团子背带裤(男),46
奇奇深粉色喷漆,46
奥丁深粉色喷漆,46
奥丁黄色喷漆,46
女武神墨绿喷漆,46
女武神墨色喷漆,46
女武神翠绿喷漆,46
宝物猎人手杖,46
幻想魔法发饰,46
彩带金牌气球,46
彩虹糖衬衫(男),46
影卫气球,46
心动服饰,46
悟空黄色喷漆,46
揽月背包,46
日影黄色喷漆,46
机械之卵气球,46
机甲战士铠甲,46
源力机甲羽翼,46
激光衍射准镜,46
烈焰预警头饰,46
燃擎源力战服(男),46
狸猫睡衣,46
琉璃碧鬟,46
电网炫光,46
神选之民头冠,46
福虎迎春服(女),46
索尼克套装服饰,46
索尼克背包,46
索尼克齿轮炫光,46
美美深粉色喷漆,46
聚光灯炫光,46
胖墩黄色喷漆,46
茜茜深粉色喷漆,46
菠萝炫光,46
葱头黄色喷漆,46
行进乐手礼服,46
赛道救援服饰(女),46
踏春行头饰,46
金秋背饰,46
锦鲤头饰,46
雯雯黄色喷漆,46
马戏小丑服饰(男),46
驻场DJ服装,46
黑喵团子背包,46
龙凤呈祥头饰,46
Joker帽,45
N标志头饰,45
TGA联赛纪念装(男),45
克莉丝雪色喷漆,45
冰爽夏日服饰,45
勇士之征服装(男),45
南瓜派夹克,45
双叶夏日校服(男),45
圣诞快乐炫光,45
城市马戏团装,45
夏日清凉泳装,45
多彩棉花糖气球,45
多彩气球炫光[1],45
太空探测炫光,45
奇奇雪色喷漆,45
宇航背包,45
守护之盾背饰,45
宝宝雪色喷漆,45
小天使之翼,45
布莱恩雪色喷漆,45
心跳炫光,45
恐龙爪印炫光,45
战争侍女套装,45
托尔墨色喷漆,45
挑战者服饰(男),45
时空猎人服饰,45
机械娇娃战服,45
极地冒险服(男),45
极限挑战战服(男),45
汉堡达人装,45
治愈炫光,45
海浪炫光,45
烈焰之眼,45
烤肉炫光,45
燃擎一夏背饰,45
爱心修理箱背饰,45
牛气冲天炫光,45
猫咪连衣裙,45
王国法典背饰,45
白色校园套裙,45
皮蛋雪色喷漆,45
碧云髻,45
福娃肚兜,45
秘境之森羽翼,45
突袭者皮裙(女),45
竹篓背饰,45
粉色嘻哈装,45
紫色棒球衫(男),45
红心吊带服,45
美味烤肉背饰,45
美美雪色喷漆,45
翡翠翼善冠,45
英勇面甲,45
茜茜雪色喷漆,45
荷花翠旗袍,45
蓝天白云装(男),45
虎啸山林帽,45
被偷走的钱袋,45
誓约同心发型,45
说唱达人套装,45
雯雯雪色喷漆,45
雷云炫光,45
雾隐炫光,45
魅力水兵裙,45
黑色风衣,45
五星彩带炫光,44
休闲羽绒服(红),44
伯牙琴背饰,44
修理师炫光,44
兔子小姐服饰,44
勇士之征服装(女),44
半翼黑天使,44
单筒望远镜背饰,44
喷气背囊,44
嘻哈女孩服饰,44
圣诞精灵装(男),44
定海神锚背饰,44
巡林客炫光,44
布朗熊泡泡机,44
幻光魅影装(女),44
急救背包,44
招财进宝炫光,44
救生圈背饰,44
无畏战旗,44
无限背饰,44
星月睡衣(绿),44
朋克服饰(男),44
朋克机车党,44
未来之光炫光,44
极地冒险服(女),44
氮气少女装,44
汪汪休闲西装,44
激浪炫光,44
烛光晚餐炫光,44
熊熊背包,44
猫猫爪印炫光,44
甜点师炫光,44
电力十足炫光,44
疾速上升炫光,44
盛夏的折边裙,44
神秘罗盘炫光,44
章鱼冲浪板,44
竹叶粽子炫光,44
紫心吊带裙,44
织女的襦裙,44
自然谐律炫光,44
苏格兰风笛背饰,44
蓝天白云装(女),44
蓝蝶之翼,44
蕾丝女包,44
虎绣衣(女),44
赛博少女服装,44
迅捷之刃背饰,44
金牛纳福装(男),44
钻天猴背饰,44
银月剑背饰,44
锻造者工装,44
阳光夏日服饰,44
阿狸的呓语,44
阿狸背包,44
飞船修理包,44
黄金日冕炫光,44
万钧雷阵炫光,43
休闲夹克(红),43
军用背包背饰,43
出错的结婚礼服,43
动感超人背包,43
叶羽萤虫背饰,43
圣诞精灵装(女),43
夜之都市炫光,43
好运来炫光,43
宇航服(女),43
宝宝护士装,43
宝宝新春装,43
宝宝月饼背饰,43
小魔女背饰,43
帅气街拍服饰,43
希腊女神长裙,43
平安夜之星服饰,43
幻光魅影装(男),43
微信专属新年装,43
怒海炫光,43
探险队长服饰,43
摇滚达人套装,43
棒球服(白),43
气泡狗背包,43
水晶魔法棒背饰,43
测试员工装,43
浪花朵朵炫光,43
游乐园服饰,43
熊熊幼稚园服,43
爱心枕头背饰,43
玫瑰花炫光,43
珍珠腰结背饰,43
甜蜜猫狗炫光,43
电子合成器背饰,43
稻叶禾香裙,43
粉色背带裤,43
纸牌魔术礼服,43
经典结婚礼服,43
自然之息长裙,43
船舵背饰,43
苏格兰方格裙,43
萤火之森炫光,43
蓝色街头卫衣,43
蓝色衷心罩衫,43
虎绣衣(男),43
街舞少年服饰,43
足下生莲炫光,43
酷币大王背饰,43
金牛纳福装(女),43
金箍棒背饰,43
阿拉伯神灯背饰,43
音乐时光(女),43
马卡龙背饰,43
魔法仪轨炫光,43
黄色双肩包,43
鼠鼠生威装,43
龙舟竞渡炫光,43
TGA联赛纪念装(女),42
三项循环炫光,42
丑小鸭炫光,42
专业相机背饰,42
五彩时光装(男),42
人鱼的尾裙,42
休闲羽绒服(黑),42
修理师先锋装(男),42
元宵背包,42
元旦炫光,42
军事防弹衣,42
半翼白天使,42
双叶夏日校服(女),42
叛逆少女装(黄),42
合金滑翔翼,42
喵星人书包,42
回忆之歌炫光,42
圣诞夜之星服饰,42
垒球装,42
墨麟剑背饰,42
天行者套装,42
太空之战炫光,42
奇迹之星炫光,42
宝马骑行套装(男),42
密林之子风衣,42
小魔女服饰,42
尚方宝剑背饰,42
布朗熊夹克衫,42
恐龙背包,42
悬灯结彩炫光,42
探险者服饰,42
教师背饰,42
星月睡衣(红),42
星际轨道炫光,42
暴走年兽炫光,42
机械齿轮炫光,42
杏花背饰,42
浪漫枫叶羽翼,42
浪漫枫情装(男),42
深海鲨鱼套装,42
火鸡背饰,42
燃擎一夏装(男),42
燎原狱火服饰,42
牛仔吊带裤,42
玩具吉他背饰,42
环球马拉松炫光,42
白云炫光,42
禁止超越装,42
秩序炫光,42
竹叶炫光,42
粉色衷心罩衫,42
翼龙翅膀,42
航海家的风衣,42
蛋糕达人装,42
追爱炫光,42
金丝皂罗袍,42
鸭鸭幼稚园服,42
鹊桥仙炫光,42
1000天气球,41
2022KLC助威头盔(男),41
FUN气球,41
P1联赛先锋帽(男),41
WKC趣味眼镜,41
丹枫霜色炫光,41
五彩时光装(女),41
五谷丰登背包,41
京剧脸谱气球,41
休闲夹克(黑),41
侠女的练功服,41
修理师先锋装(女),41
修罗炫光,41
加油头饰,41
动力飞剑,41
南瓜派冲锋衣,41
印第安皮裙,41
危险侍女发型,41
可妮兔夹克衫,41
命运箴言卷轴,41
喜笑颜开气球,41
噬血獠牙背饰,41
团子渔夫帽(女),41
圆月气球,41
圣诞袜背饰,41
壕气冲天服饰,41
夏特气球,41
女神长春花蓝喷漆,41
姜饼巧克力棒,41
宝马骑行套装(女),41
小姜丝气球,41
小恶魔钢叉,41
小西几气球,41
少女海魂衫,41
尼欧气球,41
工头炫酷绿喷漆,41
幽黯精灵礼服,41
开星头饰,41
微信专属服饰,41
心灵权杖背饰,41
恐龙爱好者帽,41
恐龙蛋气球,41
悟空生日喷漆,41
托尔季夏喷漆,41
捕梦网背饰,41
捣蛋蝙蝠气球,41
探险女郎服饰,41
故作镇静炫光,41
救援头饰,41
方块笑脸气球,41
方块酷币气球,41
星月睡衣(蓝绿),41
星梦情缘发型(女),41
星级厨师帽,41
春联招展背饰,41
月亮宝贝发型,41
月轮炫光,41
朝花夕拾服饰,41
机械哥斯拉手持,41
机械哥斯拉气球,41
机械罗盘背饰,41
机甲护盾气球,41
杏花炫光,41
极限挑战战服(女),41
枫叶炫光,41
桃心甜圈墨镜,41
桃狸狸发箍,41
桃金娘礼裙,41
梅花权杖背饰,41
梦幻少女装,41
正义之盾背饰,41
毫无鸭力头饰,41
浪漫枫情装(女),41
海滨DJ装,41
海滨度假炫光,41
灯夕背饰,41
烟花爆竹炫光,41
热情摇滚炫光,41
燃擎一夏炫光,41
燃擎一夏装(女),41
燃擎之源手持,41
特邀歌手发型,41
狐仙卷轴,41
球场雄鹰发型,41
瓦尔基里战铠,41
甜心鹿茸眼镜,41
神国之盾炫光,41
禁止飙车气球,41
福虎迎春帽(男),41
童年背带裙,41
粉色棒球衫(女),41
糖葫芦炫光,41
索尼克头饰,41
纳克鲁斯手套,41
绯红权杖背饰,41
胖墩季夏喷漆,41
胖墩生日气球,41
胜之队比赛服,41
船长仲夏喷漆,41
苍翠之风炫光,41
茜茜季夏喷漆,41
萌心鹿角手杖,41
落叶炫光,41
蓝电战术眼镜,41
蓝蓝季夏喷漆,41
蛋头博士气球,41
蜗牛气球,41
触角头饰,41
运动舞服(粉),41
迪斯科头盔,41
野马护目镜,41
金丝蓝锦袍,41
金鼠载福炫光,41
银狐护目镜,41
阳光齐刘海,41
阿狸眼罩,41
霸王龙气球,41
青叶面饰,41
音乐时光(男),41
飞龙刀背饰,41
魔斯拉毛线帽,41
鲨卷风背包,41
鸭鸭背包,41
麦迪娅绿色喷漆,41
黄带钻石牌气球,41
黑杰克生日气球,41
黛丝橙色喷漆,41
龙橙战意头套(女),41
R军团头盔,40
wkc头盔,40
先锋面饰,40
卫兵气球,40
吼叫恐龙气球,40
哈士奇头套,40
哥斯拉头盔,40
哥斯拉头饰,40
团子渔夫帽(男),40
塔尔斯气球,40
大火腿,40
小乖奶油番茄喷漆,40
小小生日帽,40
小蛋糕气球,40
小青蛙头饰,40
尼欧橙色喷漆,40
尼欧紫色喷漆,40
幸运星紫色喷漆,40
彩色鹦鹉翅膀头饰,40
我想静静气球,40
捣蛋棒棒糖手持,40
昆虫护目镜,40
月光都市气球,40
月熙淡粉色喷漆,40
机械熊猫头饰,40
机甲兔耳朵头饰,40
机甲战士发饰,40
松果气球,40
桃子手持,40
森林公主红色喷漆,40
海洋之心太阳镜,40
滑稽眼镜,40
燃擎之源气球,40
燃擎源力发型(男),40
猴王的紧箍,40
皮蛋香芋紫喷漆,40
盛装假面,40
真心鹿鹿气球,40
福虎迎春帽(女),40
索尼克套装发型,40
紫青宝剑,40
红宝石魔杖,40
红带铂金牌气球,40
纸杯蛋糕发饰(男),40
绿蘑菇气球,40
花花圆框眼镜,40
葱头嫩粉色喷漆,40
蔓生的探测仪,40
藤蔓眼镜,40
螺丝钉气球,40
行进乐手礼帽,40
褪色骨饰,40
谢谢老板头饰,40
赛车奖杯气球,40
赛道救援发型(女),40
超级管家气球,40
超能护目镜,40
足球眼镜,40
轻型战刀,40
铜翼绿宝石气球,40
长草颜气球,40
阿狸生日气球,40
雯雯立夏喷漆,40
马戏小丑发型(男),40
驻场DJ发型,40
魔斯拉气球,40
麦迪娅浅蓝色喷漆,40
黑妞卡通气球,40
黑妞生日气球[帽子],40
黑白格子旗,40
800天气球,39
Formula E 气球,39
仙人掌气球,39
仙女雯雯紫喷漆,39
像素世界眼镜,39
克莉丝驼色喷漆,39
击剑员麻吉橙喷漆,39
南瓜头饰,39
卡帕立夏喷漆,39
塔尔斯头饰,39
奇趣麋鹿帽(女),39
奶盖果汁气球,39
小鹿气球,39
工头浅蓝色喷漆,39
彩带铂金牌气球,39
恐龙海盗船长紫色喷漆,39
战神之刃,39
捣蛋魔女发型,39
排球头饰,39
排球气球,39
方块战士头盔,39
月桂头饰,39
机械神秘工头橙喷漆,39
机械神秘工头紫喷漆,39
机甲电量气球,39
林中冒险帽(女),39
棒球棍,39
泪流满面气球,39
洛基桃粉色喷漆,39
海上水手帽(男),39
渔夫皮蛋紫色喷漆,39
燃擎之源头盔,39
燃擎之源面饰,39
燃擎源力发型(女),39
爱心气泡框,39
王者基多拉头饰,39
王者基多拉气球,39
瓢虫气球,39
生物雷达头饰,39
皮蛋卡通气球,39
管家皮蛋紫色喷漆,39
篮球气球,39
粉红宝宝眼镜,39
索尼克道具气球,39
繁花绽放发箍,39
纸杯蛋糕头饰,39
绿茎发箍,39
胡萝卜鼻,39
船长生日气球,39
船长的三角帽,39
菠萝手杖,39
虎头棒,39
蝶舞翩翩面饰,39
贝斯眼镜,39
赛事摄影发型,39
酸甜甜雯雯橙喷漆,39
酸甜甜雯雯紫喷漆,39
重装凯能紫色喷漆,39
野马敞篷气球,39
钢甲作战头盔,39
钢甲战车气球,39
铜翼红宝石气球,39
阿狸爸爸气球,39
露西橙色喷漆,39
青蛙王子气球,39
鹦鹉气球,39
黑带钻石牌气球,39
WKC气球,38
一朵小花,38
不夜之城气球,38
仙女雯雯绿喷漆,38
冰山气球,38
击剑员麻吉绿喷漆,38
卫兵头盔,38
原始冒险帽,38
古怪男发型,38
可爱小鹿面具,38
吉米金叶黄喷漆,38
吸管面饰,38
哥斯拉应援棒,38
四叶草发箍,38
地下角斗士帽,38
奇趣麋鹿帽(男),38
寻宝探测仪,38
小乖卡通气球,38
小强酒红色喷漆,38
小绵羊气球,38
布莱恩孟秋喷漆,38
恐龙化石气球,38
恐龙海盗船长绿色喷漆,38
情书气球,38
手指手持,38
日影绿意喷漆,38
星辰之石法杖,38
机械神秘工头绿喷漆,38
机甲星纪气球,38
桃子气球,38
桃子眼罩,38
棉花糖丝巾,38
棒棒糖发箍,38
森林公主绿色喷漆,38
注意追尾气球,38
熊熊帽,38
熊猫眼罩,38
燃擎之源头饰,38
狂野猎手发型,38
狼外婆的软帽,38
猫耳眼镜,38
玩具企鹅帽(男),38
皮蛋酒红色喷漆,38
礼花气球[1],38
秘境森林气球,38
竞技轮毂气球,38
索尼克气球,38
红蘑菇气球,38
约会预告气球,38
纳克鲁斯气球,38
绿带钻石牌气球,38
胖墩生日喷漆,38
舞会礼冠,38
船长生日喷漆,38
花花团子气球,38
菠萝头饰,38
萌萌小团子,38
蓝带铂金牌气球,38
蓝蓝生日喷漆,38
虎年气球,38
解说员葱头绿色喷漆,38
赛道救援发型(男),38
足球头饰,38
足球气球,38
踏青护目镜,38
酸甜甜雯雯绿喷漆,38
金环头饰,38
铜翼炫彩石气球,38
铜翼黄宝石气球,38
阿狸安全帽,38
青花瓷气球,38
黑妞奶油粉喷漆,38
黑妞生日手杖,38
黑杰克生日喷漆,38
****气球,37
2022KLC助威头盔(女),37
2022KLC气球,37
P1联赛先锋帽(女),37
R军团气球,37
WKC话筒,37
三色花环,37
乒乓气球,37
侏罗纪气球,37
克莉丝绿色喷漆,37
击剑员麻吉浅蓝漆,37
双虎头饰,37
哥斯拉毛线帽,37
哥斯拉气球,37
大城堡气球,37
奥迪双钻气球,37
定位气球,37
宝宝卡通气球,37
宝宝必杀技头饰,37
小浣熊气球,37
小脑虎头套,37
少女猫帽,37
希莉娅湛蓝色喷漆,37
恐龙探索者帽,37
惬意午后头饰,37
战争女神浅蓝喷漆,37
招财进宝帽,37
新手鱼竿,37
星星宝贝发型,37
星梦情缘发型(男),37
暖冬祝福头饰,37
月熙湖蓝色喷漆,37
机械小强浅蓝喷漆,37
机械熊猫面饰,37
机械神秘工头浅蓝漆,37
桃子俏皮发型,37
棒球气球,37
槲寄生法杖,37
汽车之家气球[黄],37
猫头鹰面饰,37
玉兔呈祥气球,37
糖果团子魔杖,37
索尼克面具,37
红带钻石牌气球,37
细心鹿顶发箍,37
绿茵宝贝发型,37
缤纷圣诞树气球,37
胖墩手持鸡腿,37
花与蝴蝶结,37
虎虎生威气球,37
虎虎生威面饰,37
街角涂鸦气球,37
赛事主播发型,37
赛车旗气球,37
足球号角,37
酸甜甜雯雯浅蓝漆,37
野性丛林发型,37
钢甲护目镜,37
阿狸妈妈气球,37
香蕉手持,37
马戏团面饰,37
魔斯拉头饰,37
鸭鸭帽,37
黑云气球,37
黑带铂金牌气球,37
龙橙战意头套(男),37
Hello气球,36
LF闺蜜眼镜,36
万里挑一头饰,36
三级头气球,36
九阴真经气球,36
人鱼的鳍饰,36
修理师先锋帽(男),36
冠军赛头饰,36
冰蓝星空长发,36
凤冠头饰,36
北奥行星气球,36
单身巧克力气球,36
南瓜精灵头饰,36
可妮兔气球,36
吉光凤羽面饰,36
吉米橙色喷漆,36
吉米紫色喷漆,36
圣诞冷杉面具,36
圣诞夜之星发型,36
夏日星星眼镜,36
夜鹰气球,36
天行者发型,36
太空漫步面饰,36
奇奇橙色喷漆,36
奇奇紫色喷漆,36
奥丁紫色喷漆,36
女神橙色喷漆,36
女神紫色喷漆,36
好好学习气球,36
守卫者面饰,36
宝宝孟春喷漆,36
宝宝紫色喷漆,36
宝马摩托头盔(男),36
宝马摩托车气球,36
寒冰小屋气球,36
小丑气球,36
小乖生日气球,36
小强水瓶喷漆,36
小强生日气球,36
小恐龙气球,36
小悟空的金箍棒,36
小蜜蜂气球,36
小雨伞头饰,36
小魔女发型,36
岚雾面饰,36
巅峰科技气球,36
工头紫色喷漆,36
布朗熊鸭舌帽,36
布莱恩橙色喷漆,36
布莱恩狮子喷漆,36
布莱恩紫色喷漆,36
幼稚园帽(女),36
异瞳紫色喷漆,36
彩带银牌气球,36
必胜客气球,36
悟空紫色喷漆,36
情意圆圆护目镜,36
探路者头盔,36
探险者发型,36
教科书气球,36
日影季春喷漆,36
星光护目镜,36
星蓝手套气球,36
月光华尔兹气球,36
月熙紫色喷漆,36
机械防尘眼镜,36
束发紫金冠,36
极地企鹅气球,36
梦想成真气球,36
正义牛仔帽(女),36
步步高升头饰,36
浪漫枫叶气球,36
浪漫枫情帽(男),36
海王头饰,36
海盗草帽,36
燃擎一夏发型(男),36
燃擎一夏皇冠,36
燃擎乐园手杖,36
燎原狱火发饰,36
爱德华头饰,36
牛魔锤杖,36
特种部队头盔,36
环球马拉松气球,36
珊瑚眼镜,36
甜甜圈面饰,36
甜蜜爱恋气球,36
白羊肚手巾,36
皇冠气球,36
皮蛋仲冬喷漆,36
眼冒桃心面饰,36
石油大亨头饰,36
禁止超越帽,36
童话士兵头饰,36
童话葱头面饰,36
粉红鸭舌帽,36
粉色心动帽(男),36
粉色鸳鸯气球,36
粽子气球,36
精灵花枝手持,36
红星星气球,36
绿带铂金牌气球,36
绿带铜牌气球,36
绿芽头饰,36
美美橙色喷漆,36
胖墩橙色喷漆,36
航海家的三角帽,36
船长橙色喷漆,36
船长紫色喷漆,36
茜茜橙色喷漆,36
茜茜紫色喷漆,36
蓝色心形气球,36
藏蜜头饰,36
蝙蝠气球,36
财神气球,36
迪斯欧德手杖(红),36
迪斯欧德面饰(红),36
金字塔气球,36
金色偏分,36
银月剑头饰,36
陨石气球,36
雪花头饰,36
雯雯双子喷漆,36
雯雯橙色喷漆,36
雯雯生日气球,36
雯雯紫色喷漆,36
雷神之锤气球,36
青龙气球,36
音响气球,36
魅影假面,36
鸳鸯软帽(女),36
鹰羽头冠,36
鹿角头冠,36
黄带银牌气球,36
黑妞季秋喷漆,36
黑妞橙色喷漆,36
黑带金牌气球,36
鼠年大吉头饰,36
20520气球,35
P1联赛气球,35
RP头盔,35
一叶知秋眼镜,35
一箭钟情头饰,35
修理师先锋帽(女),35
元宝气球,35
全民赛气球,35
凤蝶头饰,35
剃鬓的大背头(黄),35
动感节拍目镜,35
南瓜假面[绿叶],35
南瓜头盔,35
卡帕生日气球,35
印第安发饰,35
可妮兔鸭舌帽,35
向日葵头套,35
图腾头盔,35
壕气冲天发饰,35
复活节兔耳,35
大眼星人面饰,35
大象面饰,35
天使之翼头饰,35
女王头饰,35
女王气球,35
学士帽,35
宝宝绿色喷漆,35
宝马摩托头盔(女),35
少女包包头,35
少女海魂头巾,35
布莱恩绿色喷漆,35
平底锅手持,35
年兽气球,35
幽黯精灵发饰,35
弧月头饰,35
微信专属气球,35
感恩火鸡帽(女),35
战斧气球,35
探险女郎发型,35
放置错误的餐具,35
新年见禧气球,35
旅行箱气球,35
旅行飞机气球,35
日式饭团气球,35
时空漫游气球,35
星星捕虫网,35
星黑手套气球,35
暗影邪龙气球,35
朝花夕拾发饰,35
机器人气球,35
机械安全锤,35
极限挑战发型(女),35
枫叶纹气球,35
桃枝手杖,35
桃花运来头饰,35
欢乐寻宝气球,35
欢乐摩天轮气球,35
毒苹果气球,35
水墨窗格眼镜,35
水手头巾,35
汤圆发箍,35
洛基绿色喷漆,35
浪漫枫情帽(女),35
海洋星空眼镜,35
海滨DJ发型,35
海王气球,35
海神三叉戟,35
海马气球,35
满天星发饰,35
燃擎一夏发型(女),35
独眼星人气球,35
玄鸟面饰,35
玉米棒气球,35
电子萝卜气球,35
白虎气球,35
百叶窗眼镜,35
秘银宝冠,35
穿梭者面饰,35
章鱼气球[3D],35
童年花苞头,35
粉色心动帽(女),35
粉色欢迎气球,35
粉色渔夫帽(女),35
紫缎缀金暖帽,35
红带铜牌气球,35
绿带金牌气球,35
翡翠之泪气球,35
胖墩绿色喷漆,35
胖胖皮蛋气球,35
腾讯新闻气球,35
舞狮绣球气球,35
花火棒,35
莎莉头饰,35
莲花气球,35
蒲公英手杖,35
蓝带银牌气球,35
螺栓面饰,35
观察者头饰,35
诡计之神目镜,35
金榜题名头饰,35
金色酒杯眼镜,35
金鼻头面饰,35
长盛之花手杖,35
雯雯包子头发型,35
雷霆气球,35
颜值+1头饰,35
鬼影重重气球,35
魔怪气球,35
黄星星气球,35
黑帮教父眼镜,35
黛丝绿色喷漆,35
2021祥云气球,34
Bye气球,34
CP联赛精英气球,34
P1联赛无畏帽(女),34
QQ音乐气球,34
万里挑一气球,34
丛林牧者面甲,34
乐园扑克面饰,34
仓鼠面具,34
便便气球,34
偏分的自然卷(紫),34
兜网弹弓,34
公子的金发冠,34
兽角头饰,34
冠军赛气球,34
冬季雪绒帽,34
冰激凌头饰,34
剪纸宫灯气球,34
吉米浅蓝色喷漆,34
国王的王冠,34
城市马戏团帽,34
复古圆框眼镜,34
夏日清凉双马尾,34
夏日花花太阳镜,34
太阳光辉气球,34
女神双鱼喷漆,34
宝宝提夫尼蓝喷漆,34
小强生日头盔,34
小强红色喷漆,34
小狐狸气球,34
小魔女发饰,34
尼福尔法杖,34
工头红色喷漆,34
布朗熊气球,34
年兽面饰,34
幽灵南瓜气球,34
开拓者头饰,34
彩带铜牌气球,34
彩虹头饰,34
怪灵假面气球,34
悟空金牛喷漆,34
感恩火鸡帽(男),34
战争侍女发型,34
挑战者发型(男),34
捧花气球,34
探照灯头饰,34
操纵杆气球,34
斑点狗气球,34
新生代气球,34
日影白羊喷漆,34
星星眼面饰,34
星绿手套气球,34
春节包包头,34
晕晕眼,34
暗夜头饰,34
暴雪护目镜,34
木雕土著面具,34
机械娇娃发型,34
机械锤子气球,34
极地毛线帽(男),34
极限挑战发型(男),34
桃心魔杖,34
棕色渔夫帽,34
棕色鸭舌帽,34
橘猫眼罩,34
正义牛仔帽(男),34
比翼双飞光圈,34
永恒之爱手杖,34
波板糖发箍,34
深海之锚气球,34
激光头饰,34
热气球气球,34
煤球猫发型,34
燃擎一夏气球,34
燃擎一夏面饰,34
燃烧炮弹气球,34
燃烧照明棒,34
燧发枪手持,34
牛年新禧气球,34
牛魔王头饰,34
牵缘钻戒头饰,34
狗尾巴头饰,34
猩红之角头饰,34
玄武气球,34
疯狂雪人气球,34
白色校园帽,34
皮蛋射手喷漆,34
皮蛋红色喷漆,34
神鹰气球,34
福娃发髻,34
空投补给头饰,34
突袭者爆炸头,34
粉色心形气球,34
粉色洋葱头,34
紫色渔夫帽(男),34
红包手持,34
红宝石法杖,34
红带金牌气球,34
羽毛掸子,34
老虎气球,34
胖墩巨蟹喷漆,34
胖墩青绿色喷漆,34
腾讯地图气球,34
船长巨蟹喷漆,34
英灵面具,34
茜茜狮子喷漆,34
莎莉气球,34
莎莉面饰,34
葱头金牛喷漆,34
蓝天白云帽(男),34
蓝星星气球,34
蓝蓝狮子喷漆,34
蝎螫头饰,34
蟠桃气球,34
财运天降头饰,34
踏春行气球,34
部落勇士发型,34
部落猎手发型(男),34
金牛面饰,34
金猪祈福气球,34
金猪祈福面罩,34
阿狸气球,34
雯雯青绿色喷漆,34
飞龙刀气球,34
魅力水兵帽,34
魔法单片眼镜,34
鸿运当头头饰,34
黄带铂金牌气球,34
黄金守卫头盔,34
黑妞生日气球[皇冠],34
黑带银牌气球,34
黑帮教父头饰,34
黛丝紫色喷漆,34
Q博士紫色喷漆,33
S6茶壶气球,33
今年必瘦头饰,33
兔子小姐发饰,33
六边太阳镜,33
冷兔宝宝气球,33
剃鬓的大背头,33
前卫墨镜,33
匹诺曹面饰,33
华丽的嵌丝假面,33
向日葵气球,33
嘻哈帽,33
圣诞帽头饰,33
圣诞精灵发型(男),33
墓碑气球,33
外星飞船气球,33
夜枭气球,33
夜鹰面具,33
奔雷眼镜,33
好战之蝎面甲,33
守护骑士气球,33
宝宝的钢发箍,33
宝箱气球,33
小乖春分喷漆,33
尼伯龙根法杖,33
幻光魅影发型(女),33
微信搜一搜气球,33
心心相印发箍,33
怀旧皮蛋气球,33
手机管家气球,33
托尔橙色喷漆,33
招财猫头饰,33
斑点狗发型,33
无限头饰,33
时空猎人发型,33
星红手套气球,33
春游帽,33
智能安全帽,33
朋克发型(男),33
朱雀气球,33
极地毛线帽(女),33
棒棒糖气球,33
民国探宝墨镜,33
氮气少女帽,33
法典气球,33
洁云手杖,33
海星面饰,33
海螺气球,33
温度计气球,33
溜溜手杖,33
滑稽头盔,33
火鸡气球,33
灵动少女发型,33
燃擎一夏头盔,33
燃擎一夏手杖,33
燃擎季头盔,33
燃擎季气球,33
燎原狱火面饰,33
爱之丘比特气球,33
爱玩专属气球,33
独目眼罩,33
玫瑰花蕾护目镜,33
环球马拉松面饰,33
电波兔手杖,33
盛夏的草帽,33
石油大亨气球,33
精灵城堡气球,33
糖果手杖,33
纯洁爱恋气球,33
织女的双环髻,33
绿带银牌气球,33
绿色心形气球,33
羽蛇权杖,33
葫芦气球,33
葱头谷雨喷漆,33
葵花宝典气球,33
蓝天白云帽(女),33
蓝带铜牌气球,33
蓝色鸳鸯气球,33
虎头帽(女),33
西瓜气球,33
财神官帽,33
赛博少女发型,33
轻音漫舞头饰,33
部落猎手发型(女),33
醒狮面具,33
金牛纳福帽(男),33
钢铁宝宝气球,33
锻造者发型,33
闪电气球,33
阳光夏日发型,33
阿狸的祈望,33
雪人头饰,33
雯雯生日喷漆,33
飞行员太阳镜,33
飞龙刀头饰,33
鳄鱼饼干头饰,33
鸳鸯手杖,33
黄带金牌气球,33
黄带铜牌气球,33
黄金便便帽,33
黑帮教父礼帽,33
黑星星气球,33
黑衣绅士猫气球,33
10000个气球,32
L2气球,32
LF兄妹眼镜,32
jump气球,32
丘可熊头饰,32
乌贼发箍,32
仕女的元宝髻,32
伏都头饰,32
全力一击手持,32
冰晶幽灵头盔,32
凤翅紫金冠,32
动感之蓝发型,32
单身手杖,32
卡帕生日喷漆,32
可妮兔面饰,32
可爱啾啾发型,32
呆萌鲨气球,32
和谐山丘气球,32
圣诞树头饰,32
圣诞甜甜圈气球,32
圣诞精灵发型(女),32
夕阳红气球,32
大眼星人气球,32
大象手杖,32
大象气球,32
太阳神历气球,32
奇奇特制护目镜,32
女神的发型,32
好感+1头饰,32
宇航头盔(女),32
宝宝仿生眼镜,32
宝宝千斤坠气球,32
宝宝生日气球,32
小丑面饰,32
希腊女神发型,32
平安夜之星帽饰,32
幻光魅影发型(男),32
幼稚园帽(男),32
微信专属新年帽,32
心悦专属气球,32
战争之影气球,32
扳手气球,32
招财进宝头饰,32
探险队长发型,32
斗牛犬眼罩,32
新春包包头饰,32
星彩虹手套气球,32
星黄手套气球,32
月熙蓝色喷漆,32
未来面饰,32
朱红窗格眼镜,32
杏花枝手杖,32
杜拉索尔鹿冠,32
极速轮胎气球,32
正义之徽头饰,32
水兵睡帽,32
汽车之家气球[紫],32
洛斐眼镜,32
测试员发型,32
海贼船舵气球,32
混乱之角头饰,32
游乐园发型,32
游乐场气球,32
熊猫竹叶气球,32
燃擎乐园头饰,32
燕子风筝气球,32
爆裂皮蛋气球,32
爱玩NO.1新年帽,32
狂鲨气球,32
环游世界气球,32
琥珀贤者法杖,32
百战先锋气球,32
皮蛋生日气球,32
相约51气球,32
真实之眼,32
碧波龙女发饰,32
突击者头饰,32
端午角粽气球,32
竹编蟋蟀手持,32
粉红猫爪气球,32
粉色毛线帽,32
红带银牌气球,32
纸牌魔术礼帽,32
绿星星气球,32
美洲豹面具,32
腾讯充值气球,32
自然之息羽饰,32
茱萸头饰,32
萌鼠烟花棒,32
葱头的发型,32
蓝带金牌气球,32
蓝色致谢气球,32
蘑菇气球,32
街舞少年头饰,32
西瓜头盔,32
贝斯特气球,32
超级星光气球,32
超越未来头饰,32
迪斯欧德气球(红),32
迷幻音符气球,32
金字塔头饰,32
金牛纳福帽(女),32
金鼠气球,32
银月剑气球,32
阿狸手持,32
雪绒手套气球,32
雯雯蓝色喷漆,32
霸服专属气球,32
魔怪头饰,32
鲁道夫的红鼻头,32
鲜花头盔,32
鸳鸯软帽(男),32
麒麟气球,32
黄金神面饰,32
黑带铜牌气球,32
黑帮教父气球,32
黑暗组织护目镜,32
鼠鼠生威发型,32
紫色神秘装,25
经典校服,25
霸气跆拳道,24
首席试驾服(女),24
功夫跆拳道,23
幽灵南瓜背包,23
熊熊炫光,23
绿色希望服,23
街头旋律服饰,23
黄色辉煌服,23
街头律动服饰,22
跑跑新生服饰[2],22
首席试驾服(男),22
冰雪炫光,21
蔚蓝梦想装,21
跑跑新生服饰[1],21
鸭鸭炫光,21
叛逆少女帽,16
彩虹手套气球,16
永恒心动气球,16
红色勇者旗,16
跑跑新生发型[2],16
黄色手套气球,16
黑色自然卷,16
惊叹号气球,15
星星头饰,15
晕晕防尘眼镜,15
狗骨头气球,15
经典款眼镜,15
美味热狗气球,15
蓝色手套气球,15
跑跑新生发型[1],15
鸭鸭气球,15
教师眼镜,14
熊熊气球,14
玫瑰礼盒气球,14
红彤彤眼镜,14
黑色手套气球,14
一百分气球,13
像素马赛克眼镜,13
告白跑跑气球,13
爱心糖果气球,13
禁止停放气球,13
绿色手套气球,13
莫名其妙气球,13
蓝色勇者旗,13
黑框眼镜,13
圆框眼镜,12
心形礼盒气球,12
怀旧手提包气球,12
暖羊羊头饰,12
淘气帽,12
红色手套气球,12
铅笔头饰,12
