冰轮炫光+月光石手杖+银辉之翼+月灵之翼,156
仲夏星芒炫光+典礼之星手杖+暮光圣翼+晓色圣翼,151
机械手持+蒸汽手持+蒸汽动力背饰+蒸汽朋克炫光,151
金兔兔手杖+金冠炫光+晶心云水翼+晶心罗兰翼,151
DJ眼镜+DJ舞台炫光+DJ音响+DJ麦克风,136
蔷薇诱惑面饰+炽蔷薇炫光+绯红之翼+命运蔷薇杖,136
一步生花炫光+心月狐锦裙+心月狐锦袍+六尾背饰,128
节奏电音炫光+迷幻天后服装+派对之王羽翼+电音王子夹克,128
什锦蛋糕炫光+彩虹慕斯T恤+奶油戚风舞裙+甜心圣代背饰,125
好运女神背饰+Jackpot炫光+头彩面饰+转运头饰,125
悲鸣结晶炫光+古龙铠甲(女)+古龙铠甲(男)+龙之翼,125
黑晶伞+暗夜玫瑰炫光+蓝晶核心+蓝晶蝶面饰,125
助推背饰+橙色闪光炫光+多功能头饰+破碎时空面饰,123
幻彩帽(女)+海月服(女)+海月水母背包+幻彩海月炫光,123
月灵之光发型+月灵之光服饰+月灵之翼,123
海之守护炫光+海之灵服饰(男)+海之灵服饰(女)+海之守护背饰,123
狂热节拍炫光+电玩女神服装+电玩小子服装+弹幕达人背饰,123
琪花玉树炫光+繁花咏叹+繁花絮语+瑶草琪花背饰,123
银辉之梦发型+银辉之梦服饰+银辉之翼,123
冬日圣诞炫光+狂欢派对礼裙+狂欢派对礼服+比翼双飞背饰,122
舞蹈氛围炫光+舞蹈天王服饰+舞蹈天后服饰+舞后背饰,122
伪装者头套+伪装者战服+火线尖兵炫光,121
多维鞘翅背饰+时空壁障炫光+洞察者眼镜+异空雷达头饰,121
心动萌兔套装-男发型+心动萌兔套装-男服装+心动萌兔面饰+心动萌兔花束,121
机械之心帽+机械之心装+蒸汽动力背饰,121
机械之灵帽+机械之灵装+蒸汽朋克炫光,121
甜梦回声装+童真浣熊帽+甜梦回响装+玩偶手杖,121
盛装罗密欧发型+盛装罗密欧服饰+暮光圣翼,121
福禄新春发型(男)+福兔贺岁服(男)+福禄寿背饰+福禄寿头饰,121
绮梦朱丽叶发型+绮梦朱丽叶服饰+晓色圣翼,121
赛事摄影发型+赛事摄影服饰+赛事主播发型+赛事主播服饰,121
超凡动力背饰+粒子聚能炫光+立体显影头饰+智能分析眼镜,121
超能炫光+超能少年服饰(男)+超能少年服饰(女)+超能背饰,121
金兔限定套装(女)+晶心罗兰翼,121
金兔限定套装(男)+晶心云水翼,121
魔渊炫光+刀螂战服(女)+刀螂战服(男)+极刃刀翅,121
黄金蛇炫光+木乃伊女装+木乃伊男装+埃及神秘翅膀,121
阿特机械臂背装+宇宙能源炫光+阿特储能面饰+克洛诺斯头饰,113
皇家海军帽(女)+皇家海军服(女),111
皇家海军帽(男)+皇家海军服(男),111
乖乖兔发型(女)+乖乖兔服饰(女),108
乖乖兔发型(男)+乖乖兔服饰(男),108
月下华冠发型+月下猩红衣,108
月下蔷薇发型+月下蔷薇裙,108
储能背饰+火阵炫光+真视之眼,100
动力拳套背饰+激光衍射准镜+机甲守备炫光,100
经典结婚礼服+经典婚纱+出错的结婚礼服,100
阿特拉斯紫色喷漆+阿特拉斯粉色喷漆,100
骑士护卫背饰+金闪闪炫光+王者之冠,100
祥龙翱翔背饰+祥龙在天炫光+龙晶石头饰,99
迷璘夜翼+虹光战术目镜+霓锋暗影炫光,99
邪龙翅膀+龙力封印炫光+龙之晶冠,99
黑帮教父礼帽+黑帮教父西装+黑帮教父头饰+黑帮教父眼镜,99
DJ眼镜+DJ麦克风,98
不倒翁宝宝头饰+不倒翁宝宝面饰,98
荒野领主背饰+猩红魅影炫光+洞察眼镜,98
高歌任侠背饰+电子游侠炫光+网络侠影头饰+网络侠影面饰,98
N能量背饰+N标志头饰+黑色力量炫光+N力量面饰,97
嘟嘟背饰+魅力四射炫光+恶魔浮动面饰,97
像素高玩眼镜+电玩女神发型+电玩小子发型,96
古龙头饰+古龙头盔(女)+古龙头盔(男),96
宝马摩托头盔(女)+宝马骑行套装(女)+宝马摩托车气球,96
海之守护头饰+海之灵发型(男)+海之灵发型(女),96
烈焰铠甲之翼+烈焰预警头饰+烈焰燎原炫光,96
燃擎源力发型(男)+燃擎源力战服(男)+燃擎之源头饰+燃擎之源面饰,96
白槿初绽头饰+羽叶华冠+羽叶金冠,96
蒸汽手持+机械手持,96
冷月碧华眼镜+月光石手杖,95
十字芒星面饰+典礼之星手杖,95
埃及神秘头饰+古埃及王后冠+古埃及法老冠,95
宇宙球灯头饰+舞蹈天王发型+舞蹈天后发型,95
怦然心动头饰+狂欢派对之花+狂欢派对之冠,95
曲调飞扬面饰+电音王子发型+迷幻天后发型,95
未来机甲之翼+相控雷达头饰+神秘地带炫光,95
玉狐假面+心月狐钿花+心月狐垂髫,95
西瓜棒冰头饰+百果蓝丝绒男发+百果蓝丝绒女发,95
超能奖杯+超能少年发型(男)+超能少年发型(女),95
追猎者头饰+刀螂战盔(女)+刀螂战盔(男),95
金萝卜头饰+金兔兔面饰,95
人鱼的鳍饰+人鱼的尾裙+海星面饰,94
浪漫枫情帽(女)+浪漫枫情装(女)+玫瑰花炫光,92
感恩火鸡帽(女)+南瓜派冲锋衣+美味烤肉背饰+烤肉炫光,91
煤球猫发型+猫咪连衣裙+尚方宝剑背饰,91
幻彩帽(男)+海月服(男),89
福虎迎春帽(男)+福虎迎春服(男)+福禄寿背饰,89
篮球气球+足球气球+排球气球+乒乓气球,89
蝶恋花发髻+天水碧纱裙,89
R军团头盔+R军团战服+灯光秀炫光,88
冰淇淋圣代头饰+稚气浣熊帽,88
奇异章鱼头套(男)+奇异章鱼套装(男),88
小青蛙头饰+新手鱼竿+蛙蛙荷塘炫光,88
小魔女发型+小魔女服饰+小魔女背饰,88
感恩火鸡帽(男)+南瓜派夹克+烛光晚餐炫光,88
燃擎一夏头盔+燃擎一夏发型(男)+燃擎一夏装(男),88
燎原狱火发饰+燎原狱火服饰+燎原狱火面饰,88
绿茵宝贝发型+绿茵宝贝服装,88
苏格兰软帽+苏格兰方格裙+苏格兰风笛背饰,88
足球头饰+足球号角+足球眼镜+足球炫光,88
钢甲作战头盔+钢甲作战服,88
招财进宝帽+招财进宝装,87
月亮宝贝发型+月亮宝贝短衫,87
特种部队头盔+军事防弹衣+军用背包背饰,87
突袭者爆炸头+突袭者皮裙(女)+急救背包,87
哈士奇头套+哈士奇服饰,86
心动萌兔套装-女发型+心动萌兔套装-女服装,86
活力沙滩发型(女)+活力沙滩服饰(女),86
福禄新春发型(女)+福兔贺岁服(女),86
捣蛋魔女发型+捣蛋魔女服装,85
野性丛林发型+野性丛林装+牵牛花开炫光,85
马戏小丑发型(男)+马戏小丑服饰(男)+聚光灯炫光,85
奇趣麋鹿帽(女)+奇趣麋鹿裙(女),84
燃擎源力发型(女)+燃擎源力战服(女),78
狂野猎手发型+狂野猎手装,78
纸杯蛋糕头饰+彩虹糖衬裙,78
半翼白天使+半翼黑天使,77
团子渔夫帽(女)+团子背带裤(女),77
探险队长发型+探险队长服饰,77
星梦情缘发型(女)+星梦情缘服饰(女),77
阿狸的祈望+阿狸的呓语,77
天行者发型+天行者套装,76
少女猫帽+少女猫装,76
野马护目镜+野性动力炫光,76
鸳鸯软帽(男)+蓝色衷心罩衫,76
少女海魂头巾+少女海魂衫,75
林中冒险帽(女)+林中冒险装(女),75
白色校园帽+白色校园套裙,75
赛道救援发型(女)+赛道救援服饰(女),75
2022KLC助威头盔(女)+2022KLC助威战服(女),74
危险侍女发型+危险侍女服装,74
恐龙爱好者帽+恐龙爱好者衣,74
时空猎人服饰+时空猎人发型+未来面饰,74
浪漫枫情帽(男)+浪漫枫情装(男),73
粉色渔夫帽(女)+粉色棒球衫(女),73
R军团头盔+R军团战服,72
灵动少女发型+紫心吊带裙,72
粉色心动帽(女)+五彩时光装(女),72
经典结婚礼服+经典婚纱,72
金牛纳福帽(女)+金牛纳福装(女),72
鸭鸭帽+鸭鸭服饰+鸭鸭背包,72
鼠鼠生威发型+鼠鼠生威装,72
P1联赛无畏帽(女)+P1联赛无畏服(女),71
嘻哈帽+嘻哈女孩服饰,71
战争侍女发型+战争侍女套装,71
朝花夕拾发饰+朝花夕拾服饰,71
虎头帽(男)+虎绣衣(男),71
赛博少女发型+赛博少女服装,71
兔子小姐发饰+兔子小姐服饰,70
宇航头盔(女)+宇航服(女),70
平安夜之星帽饰+平安夜之星服饰,70
幻光魅影发型(女)+幻光魅影装(女),70
斑点狗发型+汪汪休闲西装,70
春节包包头+荷花翠旗袍,70
极地毛线帽(男)+极地冒险服(男),70
禁止超越帽+禁止超越装,70
野性丛林发型+野性丛林装,70
马戏小丑发型(男)+马戏小丑服饰(男),70
壕气冲天发饰+壕气冲天服饰,69
极地毛线帽(女)+极地冒险服(女),69
极限挑战发型(女)+极限挑战战服(女),69
胜之队赛车帽+胜之队比赛服,69
虎头帽(女)+虎绣衣(女),69
街舞少年头饰+街舞少年服饰,69
少女包包头+梦幻少女装,68
探险女郎发型+探险女郎服饰,68
海滨DJ发型+海滨DJ装,68
燃擎一夏发型(男)+燃擎一夏装(男),68
夏日清凉双马尾+夏日清凉泳装,67
熊熊帽+熊熊服饰+熊熊背包,67
鸳鸯软帽(女)+粉色衷心罩衫,67
摇滚达人套装+说唱达人套装,66
童年花苞头+童年背带裙,66
