舞会之星服饰(女),125
舞会之星炫光,122
水晶之翼,118
火焰臻品炫光,114
蛮族战斧炫光,111
小龙虾炫光,110
舞会之星服饰(男),110
燕尔华裳服饰(男),109
月环头饰,106
星空旅者服饰(男),104
舞会之星发型(女),97
圆桌骑士发型(女),96
舞会之星手持,95
星空旅者炫光,94
孔明灯背饰,90
星空旅者服饰(女),89
舞会之星假面,85
小龙虾手持,84
小龙虾发型(男),83
青青草原臻品炫光,77
冰川炫光,75
埃及神秘头饰,75
i人头套,72
小龙虾气球,69
小龙虾发型(女),68
流行天后装,61
塞勒涅雪色喷漆,59
雪橇车头饰,58
传教士蓝蓝雪色喷漆,57
塞勒涅墨色喷漆,57
小灰灰面具,57
贝洛雪色喷漆,57
便携掰头神器,56
精灵炫光[绿],56
雪橇犬气球,56
雪橇犬面饰,56
塞勒涅黄色喷漆,55
炸不完的气球,54
塞勒涅蓝色喷漆,51
塞勒涅橙色喷漆,50
贝洛绿色喷漆,50
塞勒涅绿色喷漆,49
传教士蓝蓝紫喷漆,48
塞勒涅浅蓝喷漆,48
塞勒涅红色喷漆,48
企鹅王手杖,47
正义牛仔帽(男)[新],32
