冰轮炫光、月光石手杖、银辉之翼、月灵之翼,156
仲夏星芒炫光、典礼之星手杖、暮光圣翼、晓色圣翼,151
机械手持、蒸汽手持、蒸汽动力背饰、蒸汽朋克炫光,151
金兔兔手杖、金冠炫光、晶心云水翼、晶心罗兰翼,151
DJ眼镜、DJ舞台炫光、DJ音响、DJ麦克风,136
蔷薇诱惑面饰、炽蔷薇炫光、绯红之翼、命运蔷薇杖,136
一步生花炫光、心月狐锦裙、心月狐锦袍、六尾背饰,128
节奏电音炫光、迷幻天后服装、派对之王羽翼、电音王子夹克,128
圆桌骑士炫光、国王背饰、圆桌骑士头饰、皇后背饰,127
无上王权炫光、异域王子发型、异域王子服饰、公正之狼背饰,127
荷鲁斯之眼、异域公主发型、异域公主服饰、权力之蛇背饰,127
圆桌骑士发型(男)、圆桌骑士服饰(男)、单手剑、国王背饰,126
星光发型(女)、星光服饰(女)、探索之心背饰、星光夺宝面饰,126
星舰统帅发型(女)、星舰统帅服饰(女)、探索之心背饰、星际航行面饰,126
沧海遗珠发型(男)、沧海遗珠服饰(男)、沧海遗珠手持、沧海明辉背饰,126
浪漫狮子发型(男)、浪漫狮子服饰(男)、自信之狮背饰,126
浪漫狮子面饰、绚烂星空炫光、浪漫狮子头饰,126
瀚海霓裳发型(女)、瀚海霓裳服饰(女)、瀚海霓裳面饰、流金之沙炫光,126
舞会之星发型(男)、舞会之星服饰(男)、星之耀眼背饰、舞会之星炫光,126
什锦蛋糕炫光、彩虹慕斯T恤、奶油戚风舞裙、甜心圣代背饰,125
兔年新春发型(女)、兔年新春服(女),125
兔年新春发型(男)、兔年新春服(男),125
好运女神背饰、Jackpot炫光、头彩面饰、转运头饰,125
悲鸣结晶炫光、古龙铠甲(女)、古龙铠甲(男)、龙之翼,125
新月背饰、月环头饰、塞勒涅面纱,125
星光发型(男)、星光服饰(男)、誓约之心背饰、全息投影炫光,125
星舰统帅发型(男)、星舰统帅服饰(男)、誓约之心背饰、全息投影炫光,125
瀚海霓裳发型(男)、瀚海霓裳服饰(男)、青金八翼,125
追猎狼人发型、追猎狼人背饰、追猎狼人炫光、追猎狼人面饰,125
黑晶伞、暗夜玫瑰炫光、蓝晶核心、蓝晶蝶面饰,125
圆桌骑士发型(女)、圆桌骑士服饰(女)、圆桌骑士头饰、皇后背饰,124
沧海明镜面饰、沧海明月背饰、沧海遗珠炫光,124
油灯头饰、油灯背饰,124
舞会之星发型(女)、舞会之星服饰(女)、星之夺目背饰、舞会之星假面,124
助推背饰、橙色闪光炫光、多功能头饰、破碎时空面饰,123
幻彩帽(女)、海月服(女)、海月水母背包、精灵炫光,123
月灵之光发型、月灵之光服饰、月灵之翼,123
沧海遗珠发型(女)、沧海遗珠服饰(女),123
浪漫狮子发型(女)、浪漫狮子服饰(女)、热情之狮背饰,123
海之守护炫光、海之灵服饰(男)、海之灵服饰(女)、海之守护背饰,123
狂热节拍炫光、电玩女神服装、电玩小子服装、弹幕达人背饰,123
琪花玉树炫光、繁花咏叹、繁花絮语、瑶草琪花背饰,123
银辉之梦发型、银辉之梦服饰、银辉之翼,123
魅影猫娘发型、魅影猫娘服饰、魅影猫娘背饰、魅影猫娘手持,123
冬日圣诞炫光、狂欢派对礼裙、狂欢派对礼服、比翼双飞背饰,122
柿子帽子、柿子服饰,122
舞蹈氛围炫光、舞蹈天王服饰、舞蹈天后服饰、舞后背饰,122
伪装者头套、伪装者战服、火线尖兵炫光,121
多维鞘翅背饰、时空壁障炫光、洞察者眼镜、异空雷达头饰,121
心动萌兔套装-男发型、心动萌兔套装-男服装、心动萌兔面饰、心动萌兔花束,121
机械之心帽、机械之心装、蒸汽动力背饰,121
机械之灵帽、机械之灵装、蒸汽朋克炫光,121
甜梦回声装、童真浣熊帽、甜梦回响装、玩偶手杖,121
盛装罗密欧发型、盛装罗密欧服饰、暮光圣翼,121
福禄新春发型(男)、福兔贺岁服(男)、福禄寿背饰、福禄寿头饰,121
绮梦朱丽叶发型、绮梦朱丽叶服饰、晓色圣翼,121
赛事摄影发型、赛事摄影服饰、赛事主播发型、赛事主播服饰,121
超凡动力背饰、粒子聚能炫光、立体显影头饰、智能分析眼镜,121
超能炫光、超能少年服饰(男)、超能少年服饰(女)、超能背饰,121
金兔限定套装(女)、晶心罗兰翼,121
金兔限定套装(男)、晶心云水翼,121
魔渊炫光、刀螂战服(女)、刀螂战服(男)、极刃刀翅,121
黄金蛇炫光、木乃伊女装、木乃伊男装、埃及神秘翅膀,121
星空旅者发型(男)、星空旅者服饰(男)、星空旅者背饰、星空旅者头饰,113
清凉一夏发型(女)、清凉一夏衣服(女)、清凉一夏炫光、清凉一夏气球,113
清凉一夏发型(男)、清凉一夏衣服(男)、清凉一夏背饰、清凉一夏头饰,113
阿特机械臂背装、宇宙能源炫光、阿特储能面饰、克洛诺斯头饰,113
哈士奇面具、冻鱼手持、冰川炫光,112
圣盾炫光、圣骑士面具、圣骑士大锤,112
炽焰炫光、炽焰翼、炽焰火、炽焰日轮,112
糖果星球炫光、太空喷气背包、防护玻璃面罩、火箭模型手持,112
蛮族勇者发型(男)、蛮族勇者服饰(男)、蛮族信仰背饰、蛮族精神气球,112
青龙手持、龙影炫光、青龙头饰、青龙气球,112
麦穗面具、麦穗气球、麦穗手杖、青龙炫光,112
天空炫光、飞行眼镜、飞机模型手持、黑狐面饰,111
太空喷气背包、防护玻璃面罩、火箭模型手持,111
小龙虾发型(男)、小龙虾服饰(男)、小龙虾头饰、小龙虾手持,111
星空旅者发型(女)、星空旅者服饰(女)、星空旅者炫光、星空旅者气球,111
熊宝气球、熊宝背饰、熊宝头饰,111
疯狂的手雷、勋章头饰、丛林追逐炫光,111
皇家海军帽(女)、皇家海军服(女),111
皇家海军帽(男)、皇家海军服(男),111
蛮族勇者发型(女)、蛮族勇者服饰(女)、蛮族战斧炫光、蛮族精神气球,111
赏金猎人发型(女)、赏金猎人服饰(女),111
赏金猎人发型(男)、赏金猎人服饰(男),111
小龙虾发型(女)、小龙虾服饰(女)、小龙虾炫光、小龙虾气球,110
武圣炫光、丈八蛇矛,110
沙漠盾牌背饰、沙漠刺客面饰、沙漠刺客匕首,110
硕果气球、风雅文扇头饰、携手同心炫光、孔明灯背饰,110
蓝魔面饰、蓝魔头饰、蓝魔手持,110
转轮机枪背饰、枪弹起舞炫光、赏金猎人假面、猎人气球,110
酒坛子、张飞面具、丈八蛇矛,110
燕尔华裳发型(女)、燕尔华裳服饰(女),109
燕尔华裳发型(男)、燕尔华裳服饰(男),109
乖乖兔发型(女)、乖乖兔服饰(女),108
乖乖兔发型(男)、乖乖兔服饰(男),108
月下华冠发型、月下猩红衣,108
月下蔷薇发型、月下蔷薇裙,108
石之心、石之臂,108
储能背饰、火阵炫光、真视之眼,100
动力拳套背饰、激光衍射准镜、机甲守备炫光,100
经典结婚礼服、经典婚纱、出错的结婚礼服,100
阿特拉斯紫色喷漆、阿特拉斯粉色喷漆,100
骑士护卫背饰、金闪闪炫光、王者之冠,100
加百列面饰、加百列气球、加百列臻品炫光、加百列头饰,99
帝皇五行炫光、帝皇侠翅膀、帝皇侠面具、帝皇侠气球,99
祥龙翱翔背饰、祥龙在天炫光、龙晶石头饰,99
等离子激荡炫光、信息终端背饰、等离子头饰,99
迷璘夜翼、虹光战术目镜、霓锋暗影炫光,99
邪龙翅膀、龙力封印炫光、龙之晶冠,99
黑帮教父礼帽、黑帮教父西装、黑帮教父头饰、黑帮教父眼镜,99
DJ眼镜、DJ麦克风,98
不倒翁宝宝头饰、不倒翁宝宝面饰,98
武圣炫光、武圣护背旗、武圣头饰、武圣面饰,98
荒野领主背饰、猩红魅影炫光、洞察眼镜,98
高歌任侠背饰、电子游侠炫光、网络侠影头饰、网络侠影面饰,98
N能量背饰、N标志头饰、黑色力量炫光、N力量面饰,97
嘟嘟背饰、魅力四射炫光、恶魔浮动面饰,97
太阳神气球、酋长头饰、酋长面饰、酋长气球,97
审判炫光、王者之剑背饰、蔷薇头饰、王之面饰,97
王者之剑背饰、审判炫光、蔷薇气球,97
像素高玩眼镜、电玩女神发型、电玩小子发型,96
古龙头饰、古龙头盔(女)、古龙头盔(男),96
宝马摩托头盔(女)、宝马骑行套装(女)、宝马摩托车气球,96
小灰灰头饰、小灰灰面具、青青草原臻品炫光,96
海之守护头饰、海之灵发型(男)、海之灵发型(女),96
烈焰铠甲之翼、烈焰预警头饰、烈焰燎原炫光,96
燃擎源力发型(男)、燃擎源力战服(男)、燃擎之源头饰、燃擎之源面饰,96
白槿初绽头饰、羽叶华冠、羽叶金冠,96
蒸汽手持、机械手持,96
冷月碧华眼镜、月光石手杖,95
十字芒星面饰、典礼之星手杖,95
埃及神秘头饰、古埃及王后冠、古埃及法老冠,95
宇宙球灯头饰、舞蹈天王发型、舞蹈天后发型,95
怦然心动头饰、狂欢派对之花、狂欢派对之冠,95
曲调飞扬面饰、电音王子发型、迷幻天后发型,95
未来机甲之翼、相控雷达头饰、神秘地带炫光,95
玉狐假面、心月狐钿花、心月狐垂髫,95
西瓜棒冰头饰、百果蓝丝绒男发、百果蓝丝绒女发,95
超能奖杯、超能少年发型(男)、超能少年发型(女),95
追猎者头饰、刀螂战盔(女)、刀螂战盔(男),95
金萝卜头饰、金兔兔面饰,95
人鱼的鳍饰、人鱼的尾裙、海星面饰,94
浪漫枫情帽(女)、浪漫枫情装(女)、玫瑰花炫光,92
感恩火鸡帽(女)、南瓜派冲锋衣、美味烤肉背饰、烤肉炫光,91
煤球猫发型、猫咪连衣裙、尚方宝剑背饰,91
章鱼触手、鱼钩护目镜、海星头饰,90
幻彩帽(男)、海月服(男),89
福虎迎春帽(男)、福虎迎春服(男)、福禄寿背饰,89
篮球气球、足球气球、排球气球、乒乓气球,89
蝶恋花发髻、天水碧纱裙,89
R军团头盔、R军团战服、灯光秀炫光,88
冰淇淋圣代头饰、稚气浣熊帽,88
太空探险者气球、帮帮号头饰、帮帮号面饰、帮帮号气球,88
太空科技头饰、太空科技面饰、科技锤子手持、水星气球,88
奇异章鱼头套(男)、奇异章鱼套装(男),88
小青蛙头饰、新手鱼竿、蛙蛙荷塘炫光,88
小魔女发型、小魔女服饰、小魔女背饰,88
巨兽气球、圣剑头饰、圣剑面饰、圣剑气球,88
感恩火鸡帽(男)、南瓜派夹克、烛光晚餐炫光,88
清洁炫光、托盘背饰、循环头饰、希望之星面饰,88
燃擎一夏头盔、燃擎一夏发型(男)、燃擎一夏装(男),88
燎原狱火发饰、燎原狱火服饰、燎原狱火面饰,88
绿茵宝贝发型、绿茵宝贝服装,88
苏格兰软帽、苏格兰方格裙、苏格兰风笛背饰,88
足球头饰、足球号角、足球眼镜、足球炫光,88
钢甲作战头盔、钢甲作战服,88
Q刘备气球、Q张飞气球、刘备浅蓝漆,87
假面骑士面饰、骑士宝剑手持、冠军骑士头饰,87
华丽头冠、华丽眼镜、华丽雯雯炫光,87
品克缤气球、暗黑龙王气球、扎昆气球,87
喜羊羊头饰、喜羊羊玩偶背饰、喜羊羊面饰,87
太空研究员帽(女)、太空研究员服(女)、机械生命面饰、太空检测仪背饰,87
招财进宝帽、招财进宝装,87
月亮宝贝发型、月亮宝贝短衫,87
爱心手持、爱心气球、爱心炫光,87
特种部队头盔、军事防弹衣、军用背包背饰,87
突袭者爆炸头、突袭者皮裙(女)、急救背包,87
绿洲炫光、树人麻吉黄色喷漆、树人麻吉浅蓝喷漆,87
草人手持、八阵图炫光、兵书背饰,87
赤兔气球、傀木人头饰、傀木人面饰、傀木人气球,87
铛铛面饰、真·猫爪气球、贝洛炫光,87
闪耀之星炫光、闪耀之星背饰、BGM头饰、闪耀之星面饰,87
1号古兵器气球、2号古兵器气球,86
4周年套装帽(女)、4周年套装服(女),86
4周年套装帽(男)、4周年套装服(男),86
4周年炫光、4周年背饰、4周年头饰、4周年手持,86
三角1号气球、金属特制面饰、小小兔耳头饰,86
世界炫光、行李箱气球、电话亭气球、热气球,86
仲夏之夜发型(男)、仲夏之夜服装(男),86
企鹅王头饰、企鹅王手持,86
传令官手持、传令官炫光、传令官船长黑喷漆、传令官船长黄喷漆,86
傀木人头饰、傀木人面饰、傀木人气球,86
古代特制面饰、古兵器手持、古代特制头饰,86
古埃及套装帽(女)、古埃及套装服(女),86
古埃及套装帽(男)、古埃及套装服(男),86
呆萌眼镜、呆萌炫光、呆萌手持,86
哈士奇头套、哈士奇服饰,86
四叶草幸运帽(男)、四叶草服饰(男),86
四叶草贝雷帽(女)、四叶草套裙(女),86
夏季校园面饰、夏季校园手持、街头滑板背饰、夏季校园头饰,86
太空研究员帽(男)、太空研究员服(男)、卫星雷达手持、穿越之门炫光,86
太空竞技头套(男)、太空竞技套装(男),86
女神面饰、女神背饰,86
心动萌兔套装-女发型、心动萌兔套装-女服装,86
桃心气球、桃心手持、桃心面饰,86
沙漠观光头套(男)、沙漠观光套装(男),86
活力沙滩发型(女)、活力沙滩服饰(女),86
流氓兔粉丝套装(女)、白色渔夫帽(女)、流氓兔的马桶塞、流氓兔夏日炫光,86
流氓兔防护头盔、流氓兔睡眠眼罩,86
牙刷手持、大向日葵背饰、芽芽头饰,86
福禄新春发型(女)、福兔贺岁服(女),86
羽箭手持、象棋炫光、束发冠头饰、盔甲面饰,86
袜子气球、姜饼人气球,86
警灯头饰、记录仪面饰、星际警灯炫光、星际警察布莱恩黄喷漆,86
雪球头饰、雪人面饰、雪人炫光,86
飞天套装帽(女)、飞天套装服(女)、飞天彩带背饰、飞天面纱,86
骑士1号气球、骑士2号气球,86
太空精灵头饰、太空精灵面饰、太空精灵炫光,85
捣蛋魔女发型、捣蛋魔女服装,85
极光剑、极光盾、召唤器头饰、小小帝皇气球,85
武圣气球、关云长浅蓝喷漆,85
汉服套装发型(女)、汉服套装服饰(女)、小乔扇子背饰,85
沙漠旅者发型(男)、沙漠旅者服饰(男),85
流氓兔粉丝套装(男)、白色渔夫帽(男)、流氓兔背包、黄金马桶塞,85
炼金手杖、炼金法阵炫光,85
独角兽炫光、羊角头饰,85
白雪人头饰、刺蘑菇背饰,85
皮蛋印花T恤(蓝)、黑妞印花T恤(粉)、小乖炫光,85
繁星点点服饰(男)、黑妞炫光,85
考古铲手持、探照灯气球、水壶气球,85
街头嘻哈炫光、格雷背饰、便捷掰头神器、格雷面饰,85
贝洛炫光、阿喵背饰、阿喵投影头饰,85
野性丛林发型、野性丛林装、牵牛花开炫光,85
飞机气球、S30车王炫光、S30车神炫光,85
马戏小丑发型(男)、马戏小丑服饰(男)、聚光灯炫光,85
魔能晶石头饰、魔法圣杯背饰、月光魔法阵炫光,85
2024P1助威帽(女)、2024P1助威服(女),84
2024P1助威帽(男)、2024P1助威服(男),84
三角2号气球、荧光棒手持,84
中世纪竞技头套(男)、中世纪竞技服饰(男),84
五周年纪念帽(女)、五周年纪念服(女),84
五周年纪念帽(男)、五周年纪念服(男),84
仲夏之夜发型(女)、仲夏之夜服装(女),84
休闲夹克(白)、休闲羽绒服(白),84
古风竞技头套(女)、古风竞技套装(女),84
古风竞技头套(男)、古风竞技套装(男),84
吉祥如意套装发型(女)、吉祥如意套装服饰(女),84
喜羊羊头套、喜羊羊唐装,84
喜羊羊气球、懒羊羊气球、小灰灰气球,84
夏日小背头、夏日沙滩装,84
奇趣麋鹿帽(女)、奇趣麋鹿裙(女),84
守护套装发型(女)、守护套装服饰(女),84
守护套装发型(男)、守护套装服饰(男),84
小丸子休闲帽(女)、小丸子休闲服(女),84
小丸子休闲帽(男)、小丸子休闲服(男),84
小灰灰帽子、小灰灰手持、小灰灰的背带裤,84
小蝙蝠头饰、小蝙蝠面饰、小蝙蝠气球,84
心动萌兔发型(女)、心动萌兔服饰(女),84
心动萌兔发型(男)、心动萌兔服饰(男),84
恭喜发财套装发型(男)、恭喜发财套装服饰(男),84
数显面饰、等离子气球、库伢银色喷漆,84
数显面饰、等离子气球、库伢雪色喷漆,84
木星气球、水星气球,84
汉服套装发型(男)、汉服套装服饰(男)、周瑜气球,84
淑女舞会帽(女)、淑女舞会裙(女),84
漂漂猪套装发型、漂漂猪套装服饰,84
电风扇手持、扇子手持、荷叶头饰,84
精灵炫光、雪人头套、雪人连体衣,84
绿水灵套装发型、绿水灵套装服饰,84
贵族绅士礼帽(男)、贵族绅士礼服(男),84
酷黑竞技头套(女)、酷黑竞技套装(女),84
醒目的舞狮气球、爵士鹦哥头饰、爵士鹦哥面饰,84
雪橇犬气球、雪橇车头饰、雪橇犬面饰,84
飘逸的丸子头、粉色棒球装,84
飞天套装帽(男)、飞天套装服(男)、司南头饰,84
魔女之眼炫光、魔女背饰,84
龙年套装发型(女)、龙年套装服饰(女),84
龙年套装发型(男)、龙年套装服饰(男),84
龟甲气球、孔明灯气球,84
兔子冰淇淋气球、怪兽气球、独角兽气球,83
小羊驼炫光、咩咩咩头饰,83
沙漠旅者发型(女)、沙漠旅者服饰(女),83
繁星点点服饰(女)、黑妞炫光,83
绿水灵面饰、大胡子面饰,83
顶锅锅背饰、纸鸢手持,83
燃擎源力发型(女)、燃擎源力战服(女),78
狂野猎手发型、狂野猎手装,78
纸杯蛋糕头饰、彩虹糖衬裙,78
半翼白天使、半翼黑天使,77
团子渔夫帽(女)、团子背带裤(女),77
探险队长发型、探险队长服饰,77
星梦情缘发型(女)、星梦情缘服饰(女),77
阿狸的祈望、阿狸的呓语,77
天行者发型、天行者套装,76
少女猫帽、少女猫装,76
野马护目镜、野性动力炫光,76
鸳鸯软帽(男)、蓝色衷心罩衫,76
少女海魂头巾、少女海魂衫,75
林中冒险帽(女)、林中冒险装(女),75
白色校园帽、白色校园套裙,75
赛道救援发型(女)、赛道救援服饰(女),75
2022KLC助威头盔(女)、2022KLC助威战服(女),74
危险侍女发型、危险侍女服装,74
恐龙爱好者帽、恐龙爱好者衣,74
时空猎人服饰、时空猎人发型、未来面饰,74
浪漫枫情帽(男)、浪漫枫情装(男),73
粉色渔夫帽(女)、粉色棒球衫(女),73
R军团头盔、R军团战服,72
灵动少女发型、紫心吊带裙,72
粉色心动帽(女)、五彩时光装(女),72
经典结婚礼服、经典婚纱,72
金牛纳福帽(女)、金牛纳福装(女),72
鸭鸭帽、鸭鸭服饰、鸭鸭背包,72
鼠鼠生威发型、鼠鼠生威装,72
P1联赛无畏帽(女)、P1联赛无畏服(女),71
嘻哈帽、嘻哈女孩服饰,71
战争侍女发型、战争侍女套装,71
朝花夕拾发饰、朝花夕拾服饰,71
虎头帽(男)、虎绣衣(男),71
赛博少女发型、赛博少女服装,71
兔子小姐发饰、兔子小姐服饰,70
宇航头盔(女)、宇航服(女),70
平安夜之星帽饰、平安夜之星服饰,70
幻光魅影发型(女)、幻光魅影装(女),70
斑点狗发型、汪汪休闲西装,70
春节包包头、荷花翠旗袍,70
极地毛线帽(男)、极地冒险服(男),70
禁止超越帽、禁止超越装,70
野性丛林发型、野性丛林装,70
马戏小丑发型(男)、马戏小丑服饰(男),70
壕气冲天发饰、壕气冲天服饰,69
极地毛线帽(女)、极地冒险服(女),69
极限挑战发型(女)、极限挑战战服(女),69
胜之队赛车帽、胜之队比赛服,69
虎头帽(女)、虎绣衣(女),69
街舞少年头饰、街舞少年服饰,69
少女包包头、梦幻少女装,68
探险女郎发型、探险女郎服饰,68
海滨DJ发型、海滨DJ装,68
燃擎一夏发型(男)、燃擎一夏装(男),68
夏日清凉双马尾、夏日清凉泳装,67
熊熊帽、熊熊服饰、熊熊背包,67
鸳鸯软帽(女)、粉色衷心罩衫,67
摇滚达人套装、说唱达人套装,66
童年花苞头、童年背带裙,66
遮阳帽(女)、春日休闲服(女),66
